min_topic_size,coherence,diversity
2,0.45522797084151756,0.9216216216216216
3,0.4261174157092568,0.9181818181818182
4,0.4870897465174471,1.0
5,0.4870897465174471,1.0
